"ClubID","ClubName","FullClubName","MarketValue","SquadSize","AverageAge","ForeignersNumber","ForeignersPercentage","NationalTeamPlayers","StadiumName","StadiumSeats","NetTransferRecord","CoachName"
"1032","fc-reading","Fc Reading","33.66","26","25.9","12","46.2","6","Select Car Leasing Stadium","24161","+Â£8.37m","Brian McDermott"
"2323","orduspor","Orduspor","","0","","0","","0","19 EylÃ¼l Stadyum","11024","+-0","HÃ©ctor CÃºper"
"1387","acn-siena-1904","Acn Siena 1904","4.32","30","26.2","6","20","2","Artemio Franchi","15373","Â£-6Th.","Serse Cosmi"
"3592","kryvbas-kryvyi-rig","Kryvbas Kryvyi Rig","2.95","24","24.5","2","8.3","0","Shakhty Zhovtneva","2500","Â£-270Th.","Oleg Taran"
"1071","wigan-athletic","Wigan Athletic","12.38","29","26.5","14","48.3","6","DW Stadium","25133","Â£-140Th.","Roberto MartÃ­nez"
"2703","spartak-vladikavkaz","Spartak Vladikavkaz","","1","20","0","","0","Republican Stadium Spartak","32464","+-0","Vladimir Gazzaev"
"142","real-saragossa","Real Saragossa","22.86","24","26.6","5","20.8","0","La Romareda","33068","+-0","Manolo JimÃ©nez"
"566","beerschot-ac","Beerschot Ac","","0","","0","","0","Olympisch Stadion","12771","+-0","Adrie Koster"
"1436","sc-beira-mar","Sc Beira Mar","135","22","27.5","9","40.9","0","EstÃ¡dio MÃ¡rio Duarte","12000","+-0","Ulisses Morais"
"4750","sc-olhanense","Sc Olhanense","68","22","24.1","9","40.9","0","EstÃ¡dio JosÃ© Arcanjo","10080","+-0","Abel Xavier"
"23","eintracht-braunschweig","Eintracht Braunschweig","6.48","27","24.9","3","11.1","0","EINTRACHT-Stadion","23325","+-0","Torsten Lieberknecht"
"2227","sk-tavriya-simferopol","Sk Tavriya Simferopol","","0","","0","","0","RS Lokomotiv","19978","+-0","Giannis Christopoulos"
"12438","volga-nizhniy-novgorod","Volga Nizhniy Novgorod","","0","","0","","0","Zentralstadion Lokomotiv","17856","+-0","Yuriy Kalitvintsev"
"2292","elazigspor","Elazigspor","563","40","23.2","0","","0","ElazÄ±ÄŸ DoÄŸukent StadÄ±","2500","+Â£44Th.","Trond Sollied"
"1210","as-livorno","As Livorno","225","25","27","0","","0","Armando Picchi","19238","+-0","Davide Nicola"
"1627","catania-calcio","Catania Calcio","6.56","25","26.8","5","20","0","Cibali - Angelo Massimino","20016","+-0","Rolando Maran"
"16245","fk-sevastopol","Fk Sevastopol","","0","","0","","0","SK Sevastopol","5826","+-0","Oleg Kononov"
"1423","fc-valenciennes","Fc Valenciennes","18.41","29","25.6","11","37.9","2","Stade du Hainaut","25000","+Â£1.35m","Daniel Sanchez"
"750","fc-sochaux-montbeliard","Fc Sochaux Montbeliard","17.51","24","24.8","8","33.3","3","Stade Auguste-Bonal","20005","+Â£720Th.","Eric HÃ©ly"
"1147","ac-ajaccio","Ac Ajaccio","16.52","25","26.8","10","40","7","Stade FranÃ§ois-Coty","10446","+-0","Fabrizio Ravanelli"
"1411","raec-mons","Raec Mons","","0","","0","","0","Charles Tondreau Stadion","12662","+-0","Enzo Scifo"
"3302","ud-almeria","Ud Almeria","51.66","25","25.7","10","40","2","Estadio de los Juegos MediterrÃ¡neos","15274","Â£-4.82m","Francisco RodrÃ­guez"
"5572","niki-volou","Niki Volou","3.4","24","28","6","25","1","Panthessaliko Stadio","22700","+-0","Wiljan Vloet"
"20698","balikesirspor","Balikesirspor","1.58","30","24.6","9","30","1","BalÄ±kesir AtatÃ¼rk","15800","+-0","Ismail Ertekin"
"6894","kayseri-erciyesspor","Kayseri Erciyesspor","","0","","0","","0","Kayseri AtatÃ¼rk Spor Kompleksi Yan AÃ§Ä±k Saha","2000","+-0","Hikmet Karaman"
"1429","cesena-fc","Cesena Fc","6.82","29","24.9","4","13.8","1","Orogel Stadium - Dino Manuzzi","23860","+Â£90Th.","Pierpaolo Bisoli"
"5220","gs-ergotelis","Gs Ergotelis","3.96","30","22.2","10","33.3","1","Pankritio Stadio","25780","+-0","Juan Ferrando"
"2783","metalurg-donetsk","Metalurg Donetsk","","0","","0","","0","Metalurg","5090","+-0","Volodymyr Pyatenko"
"204","lierse-sk","Lierse Sk","","0","","0","","0","Herman Vanderpoortenstadion","14538","+-0","Stanley Menzo"
"993","fc-cordoba","Fc Cordoba","2.99","24","26.6","2","8.3","0","Nuevo ArcÃ¡ngel","21822","+Â£270Th.","Albert Ferrer"
"20100","fc-vestsjaelland","Fc Vestsjaelland","","0","","0","","0","Harboe Arena","10000","+-0","Michael Hansen"
"1039","queens-park-rangers","Queens Park Rangers","35.06","28","26.5","17","60.7","9","Kiyan Prince Foundation Stadium","18360","Â£-1.67m","Harry Redknapp"
"3327","fc-penafiel","Fc Penafiel","4.46","27","27.5","6","22.2","0","EstÃ¡dio Municipal 25 de Abril","5230","+-0","Ricardo ChÃ©u"
"14171","thonon-evian-grand-geneve-fc","Thonon Evian Grand Geneve Fc","1.6","20","26.4","4","20","1","Stade Joseph-Moynat","0","+-0","Pascal Dupraz"
"1455","fc-dordrecht","Fc Dordrecht","4.1","26","22.6","11","42.3","0","Riwal Hoogwerkers Stadion","4235","+-0","Ernie Brandts"
"1186","torpedo-moskau","Torpedo Moskau","8.64","26","26.3","4","15.4","2","Sportivniy Gorodok, Luzhniki","1872","Â£-90Th.","Nikolay Savichev"
"976","cf-uniao-madeira","Cf Uniao Madeira","","6","22.3","0","","0","Centro Desportivo da Madeira","2500","+-0","LuÃ­s Norton de Matos"
"11126","mordovia-saransk","Mordovia Saransk","","0","","0","","0","Mordovia Arena","44442","+-0","Andrey Gordeev"
"3558","gfc-ajaccio","Gfc Ajaccio","585","22","23.9","2","9.1","0","Stade Ange-Casanova","4050","+-0","Thierry Laurey"
"6994","metalurg-zaporizhya-bis-2016-","Metalurg Zaporizhya Bis 2016 ","","0","","0","","0","Slavutych Arena","11883","+-0","Anatoliy Chantsev"
"6996","goverla-uzhgorod","Goverla Uzhgorod","","0","","0","","0","Avangard","10640","+-0","Vyacheslav Groznyi"
"28956","ael-kalloni","Ael Kalloni","","0","","0","","0","Stadio Mytilinis","4000","+-0","Thalis Theodoridis"
"4102","carpi-fc-1909","Carpi Fc 1909","1.24","31","22.8","6","19.4","0","Sandro Cabassi","5510","+Â£540Th.","Fabrizio Castori"
"7185","panthrakikos-komotini","Panthrakikos Komotini","","5","26.2","3","60","1","Stadio Komotinis OPAP","5601","+-0","JosÃ© Manuel Roca"
"3216","mersin-idmanyurdu","Mersin Idmanyurdu","","0","","0","","0","Mersin Stadyumu","25000","+-0","Mesut Bakkal"
"825","eskisehirspor","Eskisehirspor","1.1","21","21.2","2","9.5","0","EskiÅŸehir Yeni Stadyum","34930","+Â£15Th.","Ilhan Mayakan"
"6414","metalist-kharkiv","Metalist Kharkiv","","0","","0","","0","OSK Metalist","38685","+-0","Oleksandr Sevidov"
"2439","kuban-krasnodar","Kuban Krasnodar","","0","","0","","0","Kuban Stadium","31654","+-0","Dmitri Khokhlov"
"2990","academica-coimbra","Academica Coimbra","4.91","30","26.2","12","40","2","EstÃ¡dio Cidade de Coimbra","29744","+-0","JosÃ© Viterbo"
"3691","tom-tomsk","Tom Tomsk","4.96","23","25.1","2","8.7","0","Trud","10028","+Â£156Th.","Valeri Petrakov"
"2451","inverness-caledonian-thistle-fc","Inverness Caledonian Thistle Fc","4.3","24","24.1","7","29.2","0","Tulloch Caledonian Stadium","7750","+Â£209Th.","Richie Foran"
"105","sv-darmstadt-98","Sv Darmstadt 98","15.37","27","24.8","7","25.9","2","Merck-Stadion am BÃ¶llenfalltor","17400","+Â£270Th.","Norbert Meier"
"4482","volyn-lutsk","Volyn Lutsk","1.73","26","21.9","1","3.8","0","Stadion Avangard","12080","+-0","Vitaliy Kvartsyanyi"
"339","dnipro-dnipropetrovsk","Dnipro Dnipropetrovsk","","0","","0","","0","Meteor","24381","+-0","Dmytro Mykhaylenko"
"4795","fc-ingolstadt-04","Fc Ingolstadt 04","11.68","32","25.4","12","37.5","2","Audi Sportpark","15800","Â£-180Th.","Markus Kauczinski"
"6","adanaspor","Adanaspor","7.04","27","24","11","40.7","1","Yeni Adana Stadyumu","33000","+Â£270Th.","Engin Ipekoglu"
"2079","veria-nps","Veria Nps","4.88","29","25.9","5","17.2","0","Dimotiko Stadio Verias","6350","+-0","Dimitrios Eleftheropoulos"
"524","gaziantepspor","Gaziantepspor","","0","","0","","0","Gaziantep Stadyumu","33502","+-0","Ismail Kartal"
"2921","delfino-pescara-1936","Delfino Pescara 1936","5.38","28","24.5","6","21.4","1","Adriatico","20476","+Â£2.48m","Massimo Oddo"
"47","iraklis-thessaloniki","Iraklis Thessaloniki","3.4","31","22.8","8","25.8","0","Kaftanzoglio Stadio","27770","+-0","Nikolaos Papadopoulos"
"458","palermo-fc","Palermo Fc","4.39","25","26.2","4","16","0","Comunale Renzo Barbera ""La Favorita""","36365","+Â£1.89m","Davide Ballardini"
"289","afc-sunderland","Afc Sunderland","16.79","27","24.9","13","48.1","3","Stadium of Light","48707","Â£-216Th.","Sam Allardyce"
"641","fc-middlesbrough","Fc Middlesbrough","48.96","26","26.3","9","34.6","5","Riverside Stadium","33746","Â£-11.30m","Aitor Karanka"
"3008","hull-city","Hull City","19.08","27","24.6","6","22.2","3","KCOM Stadium","24983","Â£-720Th.","Steve Bruce"
"968","kvc-westerlo","Kvc Westerlo","9.68","29","24.5","16","55.2","2","Het Kuipje","8035","Â£-450Th.","Bob Peeters"
"1159","as-nancy-lorraine","As Nancy Lorraine","16.88","30","24.2","16","53.3","4","Stade Marcel-Picot","20087","+-0","Pablo Correa"
"2448","sporting-gijon","Sporting Gijon","25.52","26","25.6","6","23.1","4","El MolinÃ³n - Enrique Castro Quini","30000","Â£-225Th.","Abelardo"
"595","sc-bastia","Sc Bastia","8.96","28","27.7","7","25","2","Stade Armand-Cesari","16480","+-0","FranÃ§ois Ciccolini"
"41","hamburger-sv","Hamburger Sv","32.9","26","24","9","34.6","1","Volksparkstadion","57000","+Â£4.28m","Markus Gisdol"
"3690","ska-khabarovsk","Ska Khabarovsk","7.09","27","25.2","4","14.8","2","Lenin Stadion","15200","Â£-28Th.","Aleksey Poddubskiy"
"192","roda-jc-kerkrade","Roda Jc Kerkrade","5.83","27","23","14","51.9","1","Parkstad Limburg Stadion","19979","+Â£158Th.","Robert Molenaar"
"1084","fc-malaga","Fc Malaga","20.97","28","25","6","21.4","0","La Rosaleda","30044","+-0","MÃ­chel"
"8838","zirka-kropyvnytskyi","Zirka Kropyvnytskyi","","1","23","0","","0","Zirka","14628","+-0","Roman Monarev"
"22110","fc-helsingor","Fc Helsingor","4.95","24","25.6","6","25","3","HelsingÃ¸r Ny Stadion","4000","+-0","Christian LÃ¶nstrup"
"16247","pfk-stal-kamyanske","Pfk Stal Kamyanske","","0","","0","","0","Obolon","5100","+-0","Eghishe Melikyan"
"2944","ankaraspor","Ankaraspor","2.75","30","25.5","2","6.7","0","OsmanlÄ± StadÄ±","19626","+Â£172Th.","BÃ¼lent Uygun"
"1506","kardemir-karabukspor","Kardemir Karabukspor","","22","20.5","0","","0","Dr. Necmettin ÅžeyhoÄŸlu","12400","+-0","Erkan SÃ¶zeri"
"21957","ao-platanias","Ao Platanias","","0","","0","","0","Dimotiko Gipedo Perivolia","3700","+-0","Georgios Paraschos"
"5219","aok-kerkyra","Aok Kerkyra","","7","22.1","2","28.6","0","Ethniko Stadio Kerkyras","3000","+-0","Dimitrios Eleftheropoulos"
"2760","partick-thistle-fc","Partick Thistle Fc","4.3","21","26.5","2","9.5","0","The Energy Check Stadium at Firhill","10102","+-0","Alan Archibald"
"897","deportivo-la-coruna","Deportivo La Coruna","6.95","24","26.2","3","12.5","0","Riazor","32912","+Â£1.53m","Pepe Mel"
"472","ud-las-palmas","Ud Las Palmas","20.7","27","25.9","6","22.2","1","Estadio de Gran Canaria","32400","+Â£1.30m","Manolo MÃ¡rquez"
"512","stoke-city","Stoke City","53.55","29","26.1","14","48.3","7","bet365 Stadium","30089","+Â£8.42m","Mark Hughes"
"2288","swansea-city","Swansea City","35.06","23","24.8","21","91.3","3","Liberty Stadium","21088","Â£-761Th.","Paul Clement"
"40426","fk-tosno","Fk Tosno","","0","","0","","0","Petrovsky","20985","+-0","Dmitri Parfenov"
"4128","amkar-perm","Amkar Perm","3.67","27","24.1","0","","0","Zvezda","17000","+-0","Gadzhi Gadzhiev"
"498","ksc-lokeren","Ksc Lokeren","","0","","0","","0","Daknamstadion","12000","+-0","Peter Maes"
"2700","anzhi-makhachkala","Anzhi Makhachkala","2.52","27","20.7","0","","0","RDYuSSh MinObrNauki RD Politekh Makhachkala","1600","+Â£22Th.","Magomed Adiev"
"642","de-graafschap-doetinchem","De Graafschap Doetinchem","6.23","27","24.1","2","7.4","1","De Vijverberg","12600","+-0","Henk de Jong"
"798","sbv-excelsior-rotterdam","Sbv Excelsior Rotterdam","6.37","25","21.7","6","24","0","Van Donge & De Roo Stadion - Woudestein","4400","+Â£720Th.","Adrie Poldervaart"
"19657","vendsyssel-ff","Vendsyssel Ff","4.05","25","25.1","9","36","0","Nord Energi Arena","10000","Â£-90Th.","Jens Berthel Askou"
"862","chievo-verona","Chievo Verona","","0","","0","","0","Marcantonio Bentegodi","31045","+Â£90Th.","Lorenzo D'Anna"
"2672","apo-levadiakos","Apo Levadiakos","5.69","26","26.4","12","46.2","1","Stadio Livadias","5915","+-0","Apostolos Mantzios"
"8970","frosinone-calcio","Frosinone Calcio","16.94","30","24.8","11","36.7","1","Benito Stirpe","16227","+Â£6.49m","Moreno Longo"
"19771","akhisarspor","Akhisarspor","1.35","30","22","2","6.7","0","Spor Toto Akhisar Stadyumu","12139","+Â£108Th.","Safet Susic"
"20","bursaspor","Bursaspor","7.99","31","23.8","9","29","2","Bitci Timsah Park","43331","+Â£2.49m","Samet Aybaba"
"9007","arsenal-kiew","Arsenal Kiew","","0","","0","","0","NSK Olimpisky","70050","+-0","Fabrizio Ravanelli"
"132","nac-breda","Nac Breda","6.44","29","23.6","9","31","5","Rat Verlegh Stadion","19000","+Â£819Th.","Jo Jansen"
"855","ea-guingamp","Ea Guingamp","15.71","26","24.4","7","26.9","4","Stade du Roudourou","18120","+Â£1.18m","Antoine KombouarÃ©"
"603","cardiff-city","Cardiff City","28.44","24","25.6","20","83.3","5","Cardiff City Stadium","33280","+Â£4.68m","Neil Warnock"
"1162","sm-caen","Sm Caen","18.14","25","26.1","9","36","2","Stade Michel-d'Ornano","20500","+Â£5.85m","Fabien Mercadal"
"1110","huddersfield-town","Huddersfield Town","33.89","27","26.1","10","37","2","John Smith's Stadium","24500","+Â£2.07m","David Wagner"
"3714","enisey-krasnoyarsk","Enisey Krasnoyarsk","7.25","32","26.1","2","6.3","1","Zentralstadion Krasnoyarsk","15000","+Â£900","Dmitri Alenichev"
"12321","fc-girona","Fc Girona","25.11","24","25","6","25","0","Municipal de Montilivi","11286","+Â£2.75m","Eusebio"
"42","hannover-96","Hannover 96","18.79","24","26.9","8","33.3","1","HDI-Arena","49000","+Â£2.84m","AndrÃ© Breitenreiter"
"4","1-fc-nurnberg","1 Fc Nurnberg","22.93","28","25.3","5","17.9","1","Max-Morlock-Stadion","50000","+Â£1.58m","Michael KÃ¶llner"
"3349","cd-feirense","Cd Feirense","4.79","29","24.6","17","58.6","3","EstÃ¡dio Marcolino de Castro","5401","+Â£1.08m","Nuno Manta Santos"
"3325","gd-chaves","Gd Chaves","4.86","30","26.7","16","53.3","4","EstÃ¡dio Municipal Eng.Âº Manuel Branco Teixeira","9000","+-0","Daniel Ramos"
"14589","fk-orenburg","Fk Orenburg","10.24","28","25.7","8","28.6","3","Gazovik","7500","+Â£176Th.","Vladimir Fedotov"
"169","panionios-athen","Panionios Athen","1.62","28","23","7","25","0","Stadio Neas Smyrnis","11700","+-0","Apostolos Mantzios"
"19","brescia-calcio","Brescia Calcio","32.4","29","25.6","14","48.3","3","Mario Rigamonti","19550","+Â£11.75m","Eugenio Corini"
"1005","us-lecce","Us Lecce","29.61","27","25.8","15","55.6","2","Ettore Giardiniero","31559","+Â£450Th.","Fabio Liverani"
"2722","spal","Spal","23.78","32","25.9","9","28.1","2","Paolo Mazza","16134","+Â£9.50m","Leonardo Semplici"
"128","ao-xanthi","Ao Xanthi","5.36","30","26.3","8","26.7","1","Xanthi Arena","7361","+-0","Kiko RamÃ­rez"
"5818","hobro-ik","Hobro Ik","3.6","29","24.2","4","13.8","1","DS Arena","7500","+Â£241Th.","Peter SÃ¶rensen"
"3426","esbjerg-fb","Esbjerg Fb","6.26","35","22","15","42.9","5","Blue Water Arena","16942","+-0","John Lammers"
"2477","karpaty-lviv","Karpaty Lviv","","0","","0","","0","Stadion Ukraina","28051","+-0","Oleksandr Chyzhevskyi"
"989","afc-bournemouth","Afc Bournemouth","152.64","30","24.9","13","43.3","9","Vitality Stadium","11329","+Â£15.21m","Eddie Howe"
"1244","cd-leganes","Cd Leganes","32.85","28","27.5","8","28.6","3","Municipal de Butarque","12454","+Â£2.25m","Mauricio Pellegrino"
"415","fc-toulouse","Fc Toulouse","24.48","26","23.3","14","53.8","4","Stadium Municipal","33150","+Â£10.00m","Alain Casanova"
"38","fortuna-dusseldorf","Fortuna Dusseldorf","22.95","28","26.3","8","28.6","3","MERKUR SPIEL-ARENA","54600","Â£-1.64m","Friedhelm Funkel"
"1416","amiens-sc","Amiens Sc","20.97","27","24.7","13","48.1","6","Stade CrÃ©dit Agricole la Licorne","12999","+Â£5.06m","Luka Elsner"
"127","sc-paderborn-07","Sc Paderborn 07","15.48","30","24.9","8","26.7","3","Benteler-Arena","15000","+Â£3.87m","Steffen Baumgart"
"1085","vitoria-setubal-fc","Vitoria Setubal Fc","2.59","27","25.9","8","29.6","3","EstÃ¡dio do Bonfim","18642","+-0","Sandro Mendes"
"3336","desportivo-aves","Desportivo Aves","","0","","0","","0","EstÃ¡dio CD das Aves","5441","+-0","Augusto InÃ¡cio"
"982","cd-nacional","Cd Nacional","7.34","29","26.7","14","48.3","3","EstÃ¡dio da Madeira","5586","+Â£720Th.","Luis Antonio Zaluar"
"29228","royal-excel-mouscron","Royal Excel Mouscron","4.21","28","25.9","15","53.6","3","Le Canonnier","10830","+-0","Fernando Da Cruz"
"1160","nimes-olympique","Nimes Olympique","27.95","25","24","12","48","7","Stade des CostiÃ¨res","18364","+Â£5.22m","JÃ©rÃ´me Arpinon"
"1426","vvv-venlo","Vvv Venlo","6.28","27","22.1","7","25.9","0","Covebo Stadion - De Koel","8000","+Â£2.25m","Hans de Koning"
"23611","olimpik-donetsk","Olimpik Donetsk","","0","","0","","0","NTK im. B. M. Bannikova","1678","+-0","Igor Klymovskyi"
"369","lyngby-bk","Lyngby Bk","6.75","29","24.1","4","13.8","1","Lyngby Stadion","10000","+Â£1.71m","Michelle Lange"
"2414","ac-horsens","Ac Horsens","5.9","24","25.2","7","29.2","2","Casa Arena Horsens","10400","+-0","Bo Henriksen"
"2553","kilmarnock-fc","Kilmarnock Fc","7.52","30","26.3","13","43.3","1","BBSP Stadium, Rugby Park","18128","+-0","Alex Dyer"
"2999","hamilton-academical-fc","Hamilton Academical Fc","5.94","28","22.8","7","25","1","Fountain of Youth Stadium","6018","+-0","Brian Rice"
"833","denizlispor","Denizlispor","4.43","32","26.1","8","25","1","Denizli AtatÃ¼rk StadÄ±","18745","+-0","Robert Prosinecki"
"39722","buyuksehir-belediye-erzurumspor","Buyuksehir Belediye Erzurumspor","6.1","28","27.6","10","35.7","3","Erzurum KazÄ±m Karabekir","23700","+-0","Mehmet Ã–zdilek"
"4171","benevento-calcio","Benevento Calcio","27.05","28","26.1","8","28.6","3","Ciro Vigorito","16867","+Â£1.53m","Filippo Inzaghi"
"4083","fc-crotone","Fc Crotone","18.83","29","24.1","13","44.8","5","Ezio Scida","16640","+Â£6.30m","Giovanni Stroppa"
"130","parma-calcio-1913","Parma Calcio 1913","51.84","35","25.3","24","68.6","3","Ennio Tardini","22352","Â£-19.06m","Roberto D'Aversa"
"820","genclerbirligi-ankara","Genclerbirligi Ankara","7.13","28","24","8","28.6","0","Eryaman Stadyumu","20560","+-0","Mert Nobre"
"868","mke-ankaragucu","Mke Ankaragucu","6.71","29","26.4","9","31","1","Eryaman Stadyumu","20560","+Â£675Th.","Fuat Capa"
"4603","ae-larisa","Ae Larisa","5.24","35","23.8","7","20","1","Stadio Alkazar","13108","+Â£1.53m","Michalis Grigoriou"
"1283","fc-emmen","Fc Emmen","7.31","32","23.7","9","28.1","2","De Oude Meerdijk","8309","+Â£1.31m","Dick Lukkien"
"1268","ado-den-haag","Ado Den Haag","5.38","28","23.3","5","17.9","0","Cars Jeans Stadion","15000","+Â£1.04m","Aleksandar Rankovic"
"984","west-bromwich-albion","West Bromwich Albion","77.9","26","26.3","9","34.6","6","The Hawthorns","26850","+Â£11.20m","Slaven Bilic"
"931","fc-fulham","Fc Fulham","132.3","26","26.7","19","73.1","11","Craven Cottage","19000","Â£-14.85m","Scott Parker"
"1533","sd-eibar","Sd Eibar","26.82","25","28.9","5","20","0","Ipurua","8164","Â£-3.69m","JosÃ© Luis Mendilibar"
"366","real-valladolid","Real Valladolid","42.12","26","27.5","5","19.2","4","Estadio Nuevo JosÃ© Zorrilla","27618","+Â£5.85m","Sergio"
"5358","sd-huesca","Sd Huesca","26.64","24","27.6","6","25","3","El Alcoraz","9128","+Â£4.14m","MÃ­chel"
"350","sheffield-united","Sheffield United","84.69","25","27","11","44","7","Bramall Lane","32702","+Â£25.20m","Chris Wilder"
"2969","dijon-fco","Dijon Fco","16.61","24","27","11","45.8","4","Stade Gaston-GÃ©rard","16098","+Â£3.38m","StÃ©phane Jobard"
"28643","waasland-beveren","Waasland Beveren","8.21","27","25.5","14","51.9","2","Freethielstadion","13290","+Â£1.26m","Nicky Hayen"
"3609","rotor-volgograd","Rotor Volgograd","7.72","24","25","3","12.5","1","Volgograd Arena","45568","Â£-54Th.","Aleksandr Khatskevich"
"41201","pfk-tambov","Pfk Tambov","","0","","0","","0","Mordovia Arena","44149","+-0","Sergey Pervushin"
"86","sv-werder-bremen","Sv Werder Bremen","35.42","27","24.1","10","37","3","Wohninvest-Weserstadion","42100","+Â£26.64m","Florian Kohfeldt"
"33","fc-schalke-04","Fc Schalke 04","29.48","28","26.1","16","57.1","7","Veltins-Arena","62271","+Â£35.24m","David Wagner"
"4294","sc-farense","Sc Farense","6.77","30","25.2","19","63.3","3","EstÃ¡dio SÃ£o LuÃ­s","15000","+Â£315Th.","SÃ©rgio Vieira"
"2425","rio-ave-fc","Rio Ave Fc","9.41","26","26.6","14","53.8","0","EstÃ¡dio dos Arcos","9065","+Â£1.98m","Carlos Carvalhal"
"16704","fk-krasnodar","Fk Krasnodar","61.34","28","24.7","8","28.6","4","Stadion Krasnodar","35179","Â£-33.25m","Aleksandr Storozhuk"
"932","lokomotiv-moskau","Lokomotiv Moskau","67.77","27","24","8","29.6","6","RZD Arena","27084","Â£-28.07m","Zaur Khapov"
"979","moreirense-fc","Moreirense Fc","10.17","26","26.9","18","69.2","2","E. C. J. de Almeida Freitas","6153","+Â£5.58m","Ricardo SÃ¡ Pinto"
"2457","belenenses-sad","Belenenses Sad","11.7","28","25.1","14","50","4","EstÃ¡dio das Seixas","12500","+Â£2.03m","Franclim Carvalho"
"8024","fc-arouca","Fc Arouca","12.58","29","27.1","22","75.9","5","EstÃ¡dio Municipal de Arouca","5600","+-0","Armando Evangelista"
"1301","cs-maritimo","Cs Maritimo","12.47","25","26.4","15","60","3","EstÃ¡dio do MarÃ­timo","10932","+-0","Vasco Seabra"
"2410","zska-moskau","Zska Moskau","82.67","23","25.4","9","39.1","10","VEB Arena","30457","+Â£38.70m","Aleksey Berezutski"
"3524","clermont-foot-63","Clermont Foot 63","47.21","27","26.4","15","55.6","10","Stade Gabriel-Montpied","13000","+-0","Pascal Gastien"
"1108","deportivo-alaves","Deportivo Alaves","51.66","26","27.2","7","26.9","2","Mendizorrotza","19840","+Â£2.12m","Luis GarcÃ­a"
"2759","ross-county-fc","Ross County Fc","6.08","23","24.7","10","43.5","2","Global Energy Stadium","6541","+-0","Malky Mackay"
"1063","viborg-ff","Viborg Ff","7.61","28","23.3","12","42.9","1","Viborg Stadion","9566","+Â£847Th.","Jacob Friis"
"511","dundee-fc","Dundee Fc","6.21","27","26.7","9","33.3","1","Kilmac Stadium at Dens Park","11850","+-0","Gary Bowyer"
"1158","fc-lorient","Fc Lorient","50.36","27","25.9","10","37","5","Stade du Moustoir","19010","Â£-450Th.","Christophe PÃ©lissier"
"380","us-salernitana-1919","Us Salernitana 1919","59.72","35","27.3","21","60","8","Arechi","31300","Â£-12.92m","Davide Nicola"
"1132","fc-burnley","Fc Burnley","128.72","26","29.6","12","46.2","9","Turf Moor","21994","Â£-4.86m","Mike Jackson"
"1010","fc-watford","Fc Watford","133.88","34","27.4","29","85.3","18","Vicarage Road","21577","Â£-27.59m","Roy Hodgson"
"232","spartak-moskau","Spartak Moskau","76.46","24","24.6","6","25","8","Otkrytie Bank Arena","45360","Â£-10.82m","Guillermo Abascal"
"126","caykur-rizespor","Caykur Rizespor","17.89","25","27","11","44","5","Ã‡aykur Didi","15332","+-0","BÃ¼lent Korkmaz"
"589","antalyaspor","Antalyaspor","28.26","31","27","15","48.4","4","Antalya Stadyumu","32537","+Â£2.04m","Nuri Sahin"
"2381","sivasspor","Sivasspor","24.68","29","28.7","12","41.4","4","Yeni 4 EylÃ¼l StadÄ±","27532","+Â£450Th.","Riza Calimbay"
"11688","giresunspor","Giresunspor","24.44","25","24.1","8","32","2","Ã‡otanak Spor Kompleksi","21500","Â£-90Th.","Hakan Keles"
"3205","kayserispor","Kayserispor","32.11","32","27.4","14","43.8","3","BÃ¼yÃ¼kÅŸehir Belediyesi Kadir Has","32864","+Â£365Th.","Serhan Erturhan"
"10484","kasimpasa","Kasimpasa","33.71","25","27.4","13","52","9","Recep Tayyip ErdoÄŸan Stadyumu","13856","Â£-270Th.","Sami Ugurlu"
"11282","alanyaspor","Alanyaspor","35.64","27","26.8","11","40.7","4","BahÃ§eÅŸehir OkullarÄ± Stadyumu","10128","+Â£6.22m","Francesco Farioli"
"1467","goztepe","Goztepe","16.9","29","25.5","11","37.9","3","GÃ¼rsel Aksel Stadyumu","19713","+Â£2.05m","Serdar Sabuncu"
"3840","adana-demirspor","Adana Demirspor","39.49","28","27.4","15","53.6","5","Yeni Adana Stadyumu","33000","Â£-1.57m","Vincenzo Montella"
"2832","gaziantep-fk","Gaziantep Fk","23.18","27","26.3","13","48.1","2","Kalyon Stadyumu","33502","Â£-1.62m","Erol Bulut"
"6890","istanbul-basaksehir-fk","Istanbul Basaksehir Fk","47.77","31","27.7","11","35.5","5","BaÅŸakÅŸehir Fatih Terim","17156","+Â£2.93m","Emre BelÃ¶zoglu"
"7775","hatayspor","Hatayspor","28.85","25","26.2","12","48","6","Yeni Hatay Stadyumu","25000","+Â£2.90m","Serkan Ã–zbalta"
"19789","yeni-malatyaspor","Yeni Malatyaspor","8.64","26","23.7","10","38.5","4","Yeni Malatya Stadyumu","25745","Â£-2.02m","Cihat Arslan"
"36","fenerbahce-istanbul","Fenerbahce Istanbul","129.17","30","25.8","15","50","14","Ãœlker Stadyumu FB ÅžÃ¼krÃ¼ SaraÃ§oÄŸlu Spor Kompleksi","47834","Â£-9.71m","Jorge Jesus"
"3522","spezia-calcio","Spezia Calcio","68.94","31","23.6","22","71","12","Alberto Picco","11512","Â£-17.65m","Thiago Motta"
"141","galatasaray-istanbul","Galatasaray Istanbul","93.83","31","26.9","15","48.4","14","Ali Sami Yen Spor Kompleksi NEF Stadyumu","52223","Â£-22.91m","DomÃ¨nec Torrent"
"252","genua-cfc","Genua Cfc","88.52","32","25.7","17","53.1","8","Luigi Ferraris","34901","Â£-18.36m","Alexander Blessin"
"1390","cagliari-calcio","Cagliari Calcio","95.9","27","26.3","12","44.4","6","Unipol Domus","16416","Â£-6.48m","Fabio Liverani"
"749","fc-empoli","Fc Empoli","96.84","28","25.5","11","39.3","8","Carlo Castellani","19847","+Â£15.57m","Paolo Zanetti"
"410","udinese-calcio","Udinese Calcio","116.78","26","26.8","21","80.8","4","Dacia Arena","25144","+Â£57.08m","Andrea Sottil"
"114","besiktas-istanbul","Besiktas Istanbul","88.45","35","26.8","17","48.6","13","Vodafone Park","42590","Â£-6.35m","ValÃ©rien IsmaÃ«l"
"1025","fc-bologna","Fc Bologna","130.23","29","26","20","69","12","Stadio Renato Dallâ€™Ara","36462","Â£-3.43m","SiniÅ¡a MihajloviÄ‡"
"2375","altay-sk","Altay Sk","11","29","27.6","11","37.9","4","Alsancak Mustafa Denizli StadÄ±","15000","Â£-2.35m","Sinan Kaloglu"
"430","ac-florenz","Ac Florenz","200.16","25","27.1","17","68","13","Artemio Franchi","47282","+Â£39.56m","Vincenzo Italiano"
"6574","us-sassuolo","Us Sassuolo","203.13","30","26.4","16","53.3","12","Mapei Stadium - CittÃ  del Tricolore","21584","Â£-14.13m","Alessio Dionisi"
"607","venezia-fc","Venezia Fc","64.78","30","26.7","21","70","10","Pier Luigi Penzo","11150","Â£-19.70m","Ivan Javorcic"
"800","atalanta-bergamo","Atalanta Bergamo","311.31","25","27.6","18","72","20","Gewiss Stadium","22512","Â£-16.47m","Gian Piero Gasperini"
"1038","sampdoria-genua","Sampdoria Genua","77.4","26","28.2","11","42.3","8","Luigi Ferraris","36348","Â£-4.82m","Marco Giampaolo"
"6646","fatih-karagumruk","Fatih Karagumruk","28.37","30","26.5","15","50","3","AtatÃ¼rk Olimpiyat","74753","+Â£4.32m","Andrea Pirlo"
"398","lazio-rom","Lazio Rom","222.98","25","27.9","19","76","11","Olimpico di Roma","73261","Â£-4.41m","Maurizio Sarri"
"506","juventus-turin","Juventus Turin","468.81","26","27.3","15","57.7","19","Allianz Stadium","41507","Â£-59.04m","Massimiliano Allegri"
"5","ac-mailand","Ac Mailand","470.16","27","26.9","20","74.1","17","Giuseppe Meazza","75923","Â£-65.88m","Stefano Pioli"
"441","apollon-smyrnis","Apollon Smyrnis","5.45","32","28.9","20","62.5","1","Gipedo Rizoupolis ""Georgios Kamaras""","14200","+-0","Babis Tennes"
"3999","pas-lamia-1964","Pas Lamia 1964","6.62","32","28","12","37.5","1","Stadio Lamia ""Athanasios Diakos""","5500","+-0","Gianluca Festa"
"2293","konyaspor","Konyaspor","39.06","24","27.3","12","50","10","MedaÅŸ Konya BÃ¼yÃ¼kÅŸehir Stadyumu","42000","Â£-963Th.","Ilhan Palut"
"276","hellas-verona","Hellas Verona","120.2","26","25.7","13","50","8","Marcantonio Bentegodi","39211","+Â£4.41m","Igor Tudor"
"6676","asteras-tripolis","Asteras Tripolis","8.44","30","25.2","18","60","1","Gipedo Theodoros Kolokotronis","7423","+Â£990Th.","Milan Rastavac"
"6418","panetolikos-gfs","Panetolikos Gfs","8.73","28","26.4","15","53.6","3","Gipedo Panetolikou","5230","+Â£540Th.","Giannis Anastasiou"
"553","ionikos-nikeas","Ionikos Nikeas","7.29","27","28.4","13","48.1","3","Dimotiko Gipedo Neapolis","5500","+-0","Dimitrios Spanos"
"3060","atromitos-athen","Atromitos Athen","10.4","29","26.6","12","41.4","4","Stadio Peristeriou","9050","Â£-90Th.","Chris Coleman"
"653","ofi-kreta","Ofi Kreta","12.11","28","27.4","12","42.9","3","Gipedo Theodoros Vardinogiannis","9088","+Â£585Th.","Nikolaos Nioplias"
"449","trabzonspor","Trabzonspor","102.2","36","26","16","44.4","10","Åženol GÃ¼neÅŸ Spor Kompleksi","40782","Â£-11.54m","Abdullah Avci"
"416","fc-turin","Fc Turin","191.61","29","25.5","19","65.5","17","Stadio Grande Torino","27994","+Â£2.88m","Ivan Juric"
"46","inter-mailand","Inter Mailand","463.23","25","30.2","17","68","16","Giuseppe Meazza","75923","+Â£146.75m","Simone Inzaghi"
"1091","paok-thessaloniki","Paok Thessaloniki","50.27","29","27.2","22","75.9","8","Toumba Stadium","28703","+Â£19.39m","Razvan Lucescu"
"683","olympiakos-piraus","Olympiakos Piraus","92.7","38","25.8","25","65.8","13","Stadio Georgios Karaiskakis","32115","+Â£656Th.","Pedro Martins"
"1123","norwich-city","Norwich City","138.15","37","25.1","23","62.2","15","Carrow Road","27244","Â£-23.09m","Dean Smith"
"873","crystal-palace","Crystal Palace","212.18","26","27.5","14","53.8","8","Selhurst Park","26047","Â£-77.05m","Patrick Vieira"
"265","panathinaikos-athen","Panathinaikos Athen","29.21","29","27.4","18","62.1","6","Apostolos Nikolaidis","15000","Â£-1.13m","Ivan Jovanovic"
"180","fc-southampton","Fc Southampton","224.33","26","26.8","14","53.8","8","St Mary's Stadium","32384","+Â£15.54m","Ralph HasenhÃ¼ttl"
"1237","brighton-amp-hove-albion","Brighton Amp Hove Albion","249.66","29","24.7","20","69","13","AMEX Stadium","31800","+Â£4.32m","Graham Potter"
"762","newcastle-united","Newcastle United","261.36","30","28.3","16","53.3","10","St James' Park","52338","Â£-118.35m","Eddie Howe"
"6195","ssc-neapel","Ssc Neapel","418.91","25","27.5","18","72","16","Stadio Diego Armando Maradona","54726","Â£-17.10m","Luciano Spalletti"
"379","west-ham-united","West Ham United","314.51","26","28.5","17","65.4","14","London Stadium","60000","Â£-63.24m","David Moyes"
"2671","pas-giannina","Pas Giannina","9.05","28","25.9","12","42.9","2","Stadio Zosimades","7652","Â£-90Th.","Iraklis Metaxas"
"60949","volos-nps","Volos Nps","8.28","26","26.7","19","73.1","1","Panthessaliko Stadio","22700","+Â£1.29m","Konstantinos Bratsos"
"12","as-rom","As Rom","322.52","28","25.3","18","64.3","16","Olimpico di Roma","73261","Â£-101.82m","JosÃ© Mourinho"
"1148","fc-brentford","Fc Brentford","213.21","29","25.5","23","79.3","13","Brentford Community Stadium","17250","Â£-32.13m","Thomas Frank"
"11","fc-arsenal","Fc Arsenal","468.9","21","24.9","14","66.7","16","Emirates Stadium","60704","Â£-122.42m","Mikel Arteta"
"148","tottenham-hotspur","Tottenham Hotspur","535.73","24","25.5","16","66.7","16","Tottenham Hotspur Stadium","62062","Â£-55.60m","Antonio Conte"
"985","manchester-united","Manchester United","696.83","31","27.2","18","58.1","19","Old Trafford","74879","Â£-98.37m","Erik ten Hag"
"631","fc-chelsea","Fc Chelsea","782.46","31","26.9","21","67.7","18","Stamford Bridge","40853","+Â£1.76m","Thomas Tuchel"
"31","fc-liverpool","Fc Liverpool","834.75","33","26.5","22","66.7","20","Anfield","54074","Â£-53.55m","JÃ¼rgen Klopp"
"281","manchester-city","Manchester City","863.37","22","27.8","15","68.2","18","Etihad Stadium","55017","Â£-36.63m","Pep Guardiola"
"443","vejle-boldklub","Vejle Boldklub","8.64","26","23.8","19","73.1","3","Vejle Stadion","10418","+Â£3.02m","Ivan Prelec"
"1177","silkeborg-if","Silkeborg If","9","29","23.6","5","17.2","2","JYSK Park","10000","+-0","Kent Nielsen"
"405","aston-villa","Aston Villa","417.96","28","26","13","46.4","14","Villa Park","42682","Â£-2.54m","Steven Gerrard"
"173","odense-boldklub","Odense Boldklub","10.13","27","24.2","11","40.7","3","Nature Energy Park","15790","+Â£2.51m","Andreas Alm"
"1053","aalborg-bk","Aalborg Bk","12.11","24","25.3","8","33.3","3","Aalborg Portland Park","13800","Â£-270Th.","Lars Friis"
"605","aris-thessaloniki","Aris Thessaloniki","21.4","33","28.2","25","75.8","5","Gipedo ""Kleanthis Vikelidis""","22800","Â£-2.50m","GermÃ¡n Burgos"
"678","aarhus-gf","Aarhus Gf","16.88","27","24.1","12","44.4","5","Ceres Park","19433","Â£-3.56m","David Nielsen"
"206","brondby-if","Brondby If","22.5","26","24.1","12","46.2","4","BrÃ¸ndby Stadion","28000","+Â£7.06m","Niels Frederiksen"
"2441","aek-athen","Aek Athen","39.51","29","27.8","20","69","11","OlympiakÃ³ StÃ¡dio Athinon ""Spyros Louis""","69618","Â£-2.35m","Sokratis Ofrydopoulos"
"865","fc-midtjylland","Fc Midtjylland","42.8","30","24.4","15","50","5","MCH Arena","11535","+Â£20.46m","Bo Henriksen"
"190","fc-kopenhagen","Fc Kopenhagen","58.14","29","25","20","69","13","Parken","38065","+Â£14.61m","Jess Thorup"
"16239","desna-chernigiv","Desna Chernigiv","2.81","15","25.1","2","13.3","0","Stadion im. Yuriya Gagarina","12060","+Â£450Th.","Oleksandr Ryabokon"
"543","wolverhampton-wanderers","Wolverhampton Wanderers","327.15","28","25.7","22","78.6","12","Molineux Stadium","32050","Â£-5.22m","Bruno Lage"
"6992","chornomorets-odessa","Chornomorets Odessa","4.19","18","26.2","2","11.1","0","Stadion Chornomorets","34164","+Â£45Th.","Roman Grygorchuk"
"49364","ingulets-petrove","Ingulets Petrove","4.55","20","27.3","2","10","0","Stadion Zirka im. Stanislava Berezkina","13305","+Â£45Th.","Sergiy Lavrynenko"
"6993","fk-mariupol","Fk Mariupol","4.86","18","22.4","0","","0","Stadion im. Volodymyra Boyko","12680","+-0","Ostap Markevych"
"26459","nk-veres-rivne","Nk Veres Rivne","5","24","27.3","0","","0","Avangard","12080","Â£-18Th.","Yuriy Virt"
"55686","metalist-1925-kharkiv","Metalist 1925 Kharkiv","5.29","24","26.3","0","","0","OSK Metalist","40003","+-0","Valeriy Kryventsov"
"48332","kolos-kovalivka","Kolos Kovalivka","5.33","19","25.5","1","5.3","0","Kolos","5050","Â£-85Th.","Yaroslav Vyshnyak"
"5724","randers-fc","Randers Fc","12.83","25","25.4","11","44","1","Cepheus Park Randers","10300","+Â£855Th.","Thomas Thomasberg"
"18105","pfk-lviv","Pfk Lviv","6.39","20","25.7","3","15","1","Arena Lviv","34915","+Â£45Th.","Oleg Dulub"
"399","leeds-united","Leeds United","264.69","28","24.4","16","57.1","11","Elland Road","37890","Â£-53.01m","Jesse Marsch"
"18303","fk-oleksandriya","Fk Oleksandriya","8.66","25","24.8","1","4","0","KSK Nika","7000","Â£-135Th.","Yuriy Gura"
"2740","vorskla-poltava","Vorskla Poltava","7.02","13","26.3","2","15.4","1","Vorskla im. Oleksiy Butovskyi","23842","+Â£225Th.","Sergiy Revut"
"2778","fc-nordsjaelland","Fc Nordsjaelland","22.86","31","21","17","54.8","0","Right to Dream Park","10300","+Â£14.45m","Flemming Pedersen"
"60551","sk-dnipro-1","Sk Dnipro 1","11.61","13","25.6","0","","2","Dnipro-Arena","31003","Â£-2.22m","Igor Jovicevic"
"10690","zorya-lugansk","Zorya Lugansk","13.41","26","25.2","2","7.7","1","Slavutych Arena","11883","Â£-486Th.","Viktor Skrypnyk"
"660","shakhtar-donetsk","Shakhtar Donetsk","144.99","24","25.2","9","37.5","12","NSK Olimpiyskyi","70050","Â£-45.27m","Roberto De Zerbi"
"48726","rukh-lviv","Rukh Lviv","5.81","21","25.2","3","14.3","0","Arena Lviv","34512","+Â£162Th.","Leonid Kuchuk"
"987","motherwell-fc","Motherwell Fc","8.3","30","25.6","19","63.3","5","Fir Park","13750","+Â£107Th.","Graham Alexander"
"2578","st-johnstone-fc","St Johnstone Fc","9.14","30","27.2","12","40","3","McDiarmid Park","10696","+Â£1.67m","Callum Davidson"
"5817","sonderjyske","Sonderjyske","9.09","28","24.5","13","46.4","4","Sydbank Park","10000","Â£-139Th.","Henrik Hansen"
"370","aberdeen-fc","Aberdeen Fc","9.7","22","26.2","9","40.9","2","Pittodrie Stadium","22199","+Â£252Th.","Jim Goodwin"
"43","heart-of-midlothian-fc","Heart Of Midlothian Fc","10.13","22","26.8","10","45.5","4","Tynecastle Park","20099","+-0","Robbie Neilson"
"1519","dundee-united-fc","Dundee United Fc","9.16","33","24.3","11","33.3","3","Tannadice Park","14223","+Â£2.37m","Tam Courts"
"371","celtic-glasgow","Celtic Glasgow","69.84","38","24.5","24","63.2","16","Celtic Park","60832","+Â£9.98m","Ange Postecoglou"
"124","glasgow-rangers","Glasgow Rangers","99.41","31","26.6","22","71","16","Ibrox Stadium","50987","+Â£10.78m","Giovanni van Bronckhorst"
"1095","es-troyes-ac","Es Troyes Ac","55.94","31","26.5","16","51.6","6","Stade de l'Aube","21877","Â£-19.62m","Bruno Irles"
"1420","sco-angers","Sco Angers","63.95","26","26.4","13","50","8","Stade Raymond Kopa","16381","+Â£14.67m","GÃ©rald Baticle"
"903","hibernian-fc","Hibernian Fc","14.4","26","26.2","10","38.5","4","Easter Road Stadium","20250","+Â£2.97m","Lee Johnson"
"40","fc-girondins-bordeaux","Fc Girondins Bordeaux","75.51","31","25.2","19","61.3","11","Matmut Atlantique","42052","+Â£7.47m","David Guion"
"61825","fk-minaj","Fk Minaj","4.14","24","25.9","3","12.5","1","Avangard","12000","+Â£360Th.","Volodymyr Sharan"
"29","fc-everton","Fc Everton","380.48","28","27.4","14","50","10","Goodison Park","39571","+Â£5.85m","Frank Lampard"
"3911","stade-brest-29","Stade Brest 29","77","26","25.7","8","30.8","5","Stade Francis-Le BlÃ©","15097","+Â£16.83m","Michel Der Zakarian"
"995","fc-nantes","Fc Nantes","98.51","25","26.2","11","44","7","Stade de la Beaujoire","37463","+Â£7.47m","Antoine KombouarÃ©"
"667","rc-strassburg-alsace","Rc Strassburg Alsace","103.1","24","26.2","10","41.7","5","Stade de la Meinau","29000","+Â£10.35m","Julien StÃ©phan"
"1003","leicester-city","Leicester City","463.32","28","27.1","18","64.3","14","King Power Stadium","32273","Â£-57.24m","Brendan Rodgers"
"1421","stade-reims","Stade Reims","118.4","30","23.8","21","70","13","Stade Auguste-Delaune","21684","Â£-855Th.","Ã“scar GarcÃ­a"
"618","as-saint-etienne","As Saint Etienne","86.67","29","25.3","15","51.7","8","Stade Geoffroy-Guichard","42000","Â£-540Th.","Laurent Batlles"
"1082","losc-lille","Losc Lille","207.99","23","26.3","18","78.3","11","Stade Pierre-Mauroy","50186","+Â£49.91m","Jocelyn Gourvennec"
"338","dynamo-kiew","Dynamo Kiew","87.3","24","25.6","0","","13","NSK Olimpiyskyi","70050","+Â£16.83m","Mircea Lucescu"
"244","olympique-marseille","Olympique Marseille","243.54","28","24.3","17","60.7","14","Orange VÃ©lodrome","67394","Â£-35.66m","Jorge Sampaoli"
"1041","olympique-lyon","Olympique Lyon","298.04","28","24.6","15","53.6","9","Groupama Stadium","59186","+Â£65.41m","Peter Bosz"
"417","ogc-nizza","Ogc Nizza","221.63","26","24.5","17","65.4","7","Allianz Riviera","36178","Â£-26.91m","Christophe Galtier"
"583","fc-paris-saint-germain","Fc Paris Saint Germain","736.16","34","26.1","25","73.5","19","Parc des Princes","49691","Â£-70.65m","Mauricio Pochettino"
"65","spvgg-greuther-furth","Spvgg Greuther Furth","28.89","28","24.9","11","39.3","2","Sportpark Ronhof | Thomas Sommer","16626","+Â£1.94m","Stefan Leitl"
"80","vfl-bochum","Vfl Bochum","45.9","30","27.2","12","40","5","Vonovia Ruhrstadion","27599","+Â£315Th.","Thomas Reis"
"162","as-monaco","As Monaco","339.98","29","24.6","29","100","8","Stade Louis-II","18523","Â£-9.68m","Philippe Clement"
"465","st-mirren-fc","St Mirren Fc","6.35","23","25.5","12","52.2","1","The SMISA Stadium","8023","+-0","Stephen Robinson"
"89","1-fc-union-berlin","1 Fc Union Berlin","73.89","28","27.3","11","39.3","7","Stadion An der Alten FÃ¶rsterei","22012","+Â£1.35m","Urs Fischer"
"10","arminia-bielefeld","Arminia Bielefeld","51.44","25","25","16","64","4","SchÃ¼coArena","26515","Â£-8.45m","Marco Kostmann"
"347","fc-metz","Fc Metz","70.16","31","25.5","18","58.1","7","Stade Saint-Symphorien","26700","+Â£17.10m","BenoÃ®t Tavenot"
"44","hertha-bsc","Hertha Bsc","81.5","31","25.8","16","51.6","6","Olympiastadion Berlin","74649","+Â£18.99m","Felix Magath"
"60","sc-freiburg","Sc Freiburg","142.61","27","25.3","11","40.7","7","Europa-Park Stadion","34700","+Â£4.55m","Christian Streich"
"79","vfb-stuttgart","Vfb Stuttgart","148.77","31","22.8","18","58.1","7","Mercedes-Benz Arena","60449","+Â£22.56m","Pellegrino Matarazzo"
"533","tsg-1899-hoffenheim","Tsg 1899 Hoffenheim","180.63","30","25.6","17","56.7","14","PreZero Arena","30150","+Â£765Th.","Sebastian HoeneÃŸ"
"3","1-fc-koln","1 Fc Koln","84.67","28","25.3","11","39.3","7","RheinEnergieSTADION","50000","+Â£20.61m","Steffen Baumgart"
"82","vfl-wolfsburg","Vfl Wolfsburg","200.43","28","25.1","18","64.3","12","Volkswagen Arena","30000","Â£-53.85m","Michael Frontzeck"
"24","eintracht-frankfurt","Eintracht Frankfurt","201.6","32","25.4","20","62.5","13","Deutsche Bank Park","51500","+Â£12.65m","Oliver Glasner"
"15","bayer-04-leverkusen","Bayer 04 Leverkusen","390.65","27","24.9","20","74.1","14","BayArena","30210","Â£-11.03m","Gerardo Seoane"
"167","fc-augsburg","Fc Augsburg","84.33","28","26","17","60.7","9","WWK ARENA","30660","Â£-10.14m","Markus Weinzierl"
"969","montpellier-hsc","Montpellier Hsc","99.86","26","25.3","11","42.3","5","Stade de la Mosson","32939","+Â£22.32m","Olivier Dall'Oglio"
"39","1-fsv-mainz-05","1 Fsv Mainz 05","110.79","25","25.2","13","52","6","Mewa Arena","33305","+Â£10.04m","Bo Svensson"
"2715","rfc-seraing","Rfc Seraing","12.98","31","24","18","58.1","6","Stade du Paray","6744","+-0","Manuel Nogueira"
"826","rc-lens","Rc Lens","130.28","23","25.8","14","60.9","11","Stade Bollaert-Delelis","38223","Â£-2.34m","Franck Haise"
"1241","livingston-fc","Livingston Fc","7.9","31","26.7","15","48.4","0","Tony Macaroni Arena","9512","+-0","David Martindale"
"475","vv-st-truiden","Vv St Truiden","16.31","27","25.4","15","55.6","3","Stayen","14600","+Â£4.26m","Bernd Hollerbach"
"27","fc-bayern-munchen","Fc Bayern Munchen","692.55","26","25.9","15","57.7","20","Allianz Arena","75024","Â£-48.15m","Julian Nagelsmann"
"520","cercle-brugge","Cercle Brugge","21.02","24","23.9","14","58.3","6","Jan-Breydel-Stadion","29062","Â£-630Th.","Dominik Thalhammer"
"2727","oud-heverlee-leuven","Oud Heverlee Leuven","21.29","28","24.9","14","50","9","King Power at Den Dreef Stadion","10020","+Â£2.70m","Marc Brys"
"41274","beerschot-v-a-","Beerschot V A ","13.41","26","25.9","15","57.7","2","Olympisch Stadion","12771","Â£-2.01m","Greg Vanderidt"
"601","kv-kortrijk","Kv Kortrijk","22.37","30","24.7","24","80","9","Guldensporenstadion","9399","+Â£198Th.","Karim Belhocine"
"354","kv-mechelen","Kv Mechelen","29.88","27","24.9","10","37","2","AFAS Stadion","16672","+Â£7.11m","Wouter Vrancken"
"172","rsc-charleroi","Rsc Charleroi","33.17","28","22.7","16","57.1","9","Stade du Pays de Charleroi","15000","+Â£7.74m","Edward Still"
"3057","standard-luttich","Standard Luttich","35.82","27","24.1","14","51.9","7","Maurice Dufrasne Stadion","27670","+Â£21.65m","Will Still"
"16","borussia-dortmund","Borussia Dortmund","484.79","34","24.6","19","55.9","16","SIGNAL IDUNA PARK","81365","+Â£56.93m","Matthias Kleinsteiber"
"3948","royale-union-saint-gilloise","Royale Union Saint Gilloise","48.71","26","24.9","19","73.1","8","Stade Joseph MariÃ«n","8000","+Â£5.26m","Felice MazzÃ¹"
"1096","royal-antwerpen-fc","Royal Antwerpen Fc","53.6","33","25.5","19","57.6","4","De Bosuil","16144","Â£-24.80m","Brian Priske"
"58","rsc-anderlecht","Rsc Anderlecht","91.22","28","23.4","13","46.4","6","Lotto Park","21500","+Â£7.61m","Vincent Kompany"
"273","fc-stade-rennes","Fc Stade Rennes","215.82","26","24.1","10","38.5","9","Roazhon Park","29778","Â£-30.47m","Bruno GÃ©nÃ©sio"
"2282","fc-brugge","Fc Brugge","143.87","29","25.2","19","65.5","13","Jan-Breydel-Stadion","29062","Â£-19.32m","Alfred Schreuder"
"367","rayo-vallecano","Rayo Vallecano","54.81","23","28.1","12","52.2","4","Campo de FÃºtbol de Vallecas","15105","Â£-1.89m","Andoni Iraola"
"2687","fc-cadiz","Fc Cadiz","56.07","26","29.1","10","38.5","6","Nuevo Mirandilla","21094","Â£-5.49m","Sergio"
"18","borussia-monchengladbach","Borussia Monchengladbach","183.78","26","26","13","50","11","Stadion im Borussia-Park","54022","Â£-7.47m","Adi HÃ¼tter"
"2861","kv-oostende","Kv Oostende","22.32","27","23.5","17","63","5","Diaz Arena","8432","+Â£5.22m","Yves Vanderhaeghe"
"3368","ud-levante","Ud Levante","66.51","28","28.5","9","32.1","4","Ciutat de ValÃ¨ncia","25354","Â£-1.13m","Mehdi Nafti"
"23826","rasenballsport-leipzig","Rasenballsport Leipzig","404.28","25","24.8","19","76","16","Red Bull Arena","47069","+Â£5.29m","Domenico Tedesco"
"1531","fc-elche","Fc Elche","59.04","24","29.5","10","41.7","4","Manuel MartÃ­nez Valero","33732","Â£-7.20m","Francisco RodrÃ­guez"
"940","celta-vigo","Celta Vigo","101.88","21","28","9","42.9","5","BalaÃ­dos","29000","Â£-6.50m","Eduardo Coudet"
"1184","krc-genk","Krc Genk","92.16","24","23.2","17","70.8","13","Cegeka Arena","24956","Â£-3.33m","Bernd Storck"
"331","ca-osasuna","Ca Osasuna","94.14","24","28.2","4","16.7","1","El Sadar","23576","Â£-7.83m","Jagoba Arrasate"
"621","athletic-bilbao","Athletic Bilbao","197.37","25","26.6","0","","2","San MamÃ©s","53289","+-0","Marcelino"
"1245","kas-eupen","Kas Eupen","16.22","31","25","22","71","5","Kehrweg-Stadion","8331","+Â£4.23m","Michael Valkanis"
"3709","fc-getafe","Fc Getafe","141.93","25","26.5","13","52","9","Coliseum Alfonso PÃ©rez","16800","+Â£4.50m","Quique SÃ¡nchez Flores"
"368","fc-sevilla","Fc Sevilla","325.17","26","28.3","19","73.1","14","RamÃ³n SÃ¡nchez-PizjuÃ¡n","43883","Â£-11.70m","Julen Lopetegui"
"681","real-sociedad-san-sebastian","Real Sociedad San Sebastian","327.78","28","26.2","7","25","6","Reale Arena","39500","Â£-2.25m","Imanol Alguacil"
"237","rcd-mallorca","Rcd Mallorca","58.95","27","27.8","13","48.1","7","Son Moix","20500","Â£-900Th.","Javier Aguirre"
"16795","fc-granada","Fc Granada","80.46","29","27.8","13","44.8","4","Nuevo Los CÃ¡rmenes","19336","Â£-12.11m","Aitor Karanka"
"131","fc-barcelona","Fc Barcelona","563.4","30","25.8","15","50","20","Camp Nou","99354","+Â£675Th.","Xavi"
"418","real-madrid","Real Madrid","675","26","27.5","18","69.2","15","Santiago BernabÃ©u","81044","+Â£42.30m","Carlo Ancelotti"
"150","real-betis-sevilla","Real Betis Sevilla","224.1","27","29.1","11","40.7","9","Benito VillamarÃ­n","59378","+Â£9.45m","Manuel Pellegrini"
"235","rkc-waalwijk","Rkc Waalwijk","10.4","28","25.5","15","53.6","4","Mandemakers Stadion","7508","+Â£180Th.","Joseph Oosting"
"1435","go-ahead-eagles-deventer","Go Ahead Eagles Deventer","10.78","29","24.4","11","37.9","1","De Adelaarshorst","9909","+Â£1.71m","Kees van Wonderen"
"3508","sv-zulte-waregem","Sv Zulte Waregem","16.63","29","25.3","14","48.3","3","Regenboogstadion","12250","Â£-180Th.","Timmy Simons"
"467","nec-nijmegen","Nec Nijmegen","12.11","25","25.4","13","52","3","Goffertstadion","12500","+-0","Rogier Meijer"
"403","willem-ii-tilburg","Willem Ii Tilburg","12.13","27","24.8","17","63","0","Koning Willem II Stadion","14700","+Â£3.65m","Kevin Hofland"
"1049","fc-valencia","Fc Valencia","265.05","26","24.4","17","65.4","16","Mestalla","48600","Â£-9.14m","Gennaro Gattuso"
"385","fortuna-sittard","Fortuna Sittard","13.41","28","25.8","15","53.6","3","Fortuna Sittard Stadion","12500","Â£-378Th.","Sjors Ultee"
"133","sc-cambuur-leeuwarden","Sc Cambuur Leeuwarden","10.13","23","25.1","9","39.1","8","Cambuurstadion","10250","+-0","Henk de Jong"
"714","espanyol-barcelona","Espanyol Barcelona","113.67","26","27.5","6","23.1","5","RCDE Stadium","40500","Â£-5.40m","Diego MartÃ­nez"
"468","sparta-rotterdam","Sparta Rotterdam","12.04","22","28","11","50","3","Sparta-stadion ""Het Kasteel""","11026","+Â£6.91m","Maurice Steijn"
"317","fc-twente-enschede","Fc Twente Enschede","26.71","25","24.2","7","28","4","De Grolsch Veste","30205","+Â£2.88m","Ron Jans"
"200","fc-utrecht","Fc Utrecht","34.13","32","24.7","10","31.3","2","Stadion ""Galgenwaard""","23750","+Â£4.91m","Rick Kruys"
"499","vitesse-arnheim","Vitesse Arnheim","39.98","26","23.2","15","57.7","5","GelreDome","21248","Â£-1.64m","Thomas Letsch"
"202","fc-groningen","Fc Groningen","24.55","27","22.8","13","48.1","3","Euroborg","22555","+Â£5.78m","Danny Buijs"
"234","feyenoord-rotterdam","Feyenoord Rotterdam","152.42","28","23.6","13","46.4","13","Stadion Feyenoord ""De Kuip""","47500","Â£-900Th.","Arne Slot"
"383","psv-eindhoven","Psv Eindhoven","166.95","26","25","20","76.9","9","Philips Stadion","35000","+Â£34.71m","Roger Schmidt"
"1269","pec-zwolle","Pec Zwolle","12.22","30","24.5","12","40","4","MACÂ³PARK stadion","14000","+-0","Dick Schreuder"
"6912","fc-vizela","Fc Vizela","13.79","24","27.1","15","62.5","1","EstÃ¡dio do Vizela","6565","+Â£118Th.","Ãlvaro Pacheco"
"2995","fc-pacos-de-ferreira","Fc Pacos De Ferreira","16.97","29","25.6","16","55.2","1","EstÃ¡dio Capital do MÃ³vel","9200","+Â£450Th.","CÃ©sar Peixoto"
"7179","cd-tondela","Cd Tondela","17.51","27","24.7","18","66.7","5","EstÃ¡dio JoÃ£o Cardoso","5000","+Â£378Th.","Nuno Campos"
"610","ajax-amsterdam","Ajax Amsterdam","312.98","28","25.5","15","53.6","17","Johan Cruijff ArenA","55600","+Â£24.75m","Michael Reiziger"
"7378","portimonense-sc","Portimonense Sc","18.45","27","25.1","22","81.5","1","Portimonense EstÃ¡dio","6000","+Â£6.41m","Paulo SÃ©rgio"
"1465","gd-estoril-praia","Gd Estoril Praia","21.11","28","24.9","16","57.1","2","EstÃ¡dio AntÃ³nio Coimbra da Mota","8000","+Â£4.50m","Bruno Pinheiro"
"2424","gil-vicente-fc","Gil Vicente Fc","24.05","27","25.4","19","70.4","3","EstÃ¡dio Municipal de Barcelos","12504","+Â£1.80m","Ricardo Soares"
"2503","boavista-porto-fc","Boavista Porto Fc","25.83","26","25","16","61.5","10","EstÃ¡dio do Bessa Sec. XXI","28263","Â£-4.82m","Petit"
"2420","vitoria-guimaraes-sc","Vitoria Guimaraes Sc","42.3","29","24","12","41.4","5","EstÃ¡dio D. Afonso Henriques","29865","+Â£4.59m","PÃªpa"
"2423","cd-santa-clara","Cd Santa Clara","18.23","25","26.6","15","60","3","EstÃ¡dio de SÃ£o Miguel","15000","+Â£6.31m","MÃ¡rio Silva"
"1075","sc-braga","Sc Braga","108.45","25","24.3","9","36","4","EstÃ¡dio Municipal de Braga","30286","+Â£23.01m","Carlos Carvalhal"
"294","benfica-lissabon","Benfica Lissabon","237.15","26","27.1","19","73.1","15","EstÃ¡dio da Luz","65000","+Â£21.60m","NÃ©lson VerÃ­ssimo"
"336","sporting-lissabon","Sporting Lissabon","237.24","24","26.4","11","45.8","8","EstÃ¡dio JosÃ© Alvalade XXI","50080","Â£-5.52m","RÃºben Amorim"
"720","fc-porto","Fc Porto","268.65","26","26.7","14","53.8","11","EstÃ¡dio do DragÃ£o","50399","+Â£33.66m","SÃ©rgio ConceiÃ§Ã£o"
"49702","fk-nizhny-novgorod","Fk Nizhny Novgorod","12.78","23","26.1","6","26.1","2","Nizhny Novgorod Stadium","43319","Â£-717Th.","Aleksandr Kerzhakov"
"11127","ural-ekaterinburg","Ural Ekaterinburg","13.01","22","26.4","5","22.7","0","Ekaterinburg Arena","27000","+Â£4.85m","Igor Shalimov"
"157","kaa-gent","Kaa Gent","50.06","28","26.4","16","57.1","10","Ghelamco Arena","19999","+Â£18.81m","Hein Vanhaezebrouck"
"28095","fk-ufa","Fk Ufa","15.35","24","26.6","7","29.2","2","BetBoom Arena","15132","+Â£419Th.","Nikolay Safronidi"
"3729","arsenal-tula","Arsenal Tula","15.37","25","28.2","6","24","3","Arsenal","19241","+Â£2.21m","Oleg Kononov"
"3725","akhmat-grozny","Akhmat Grozny","21.96","28","26.4","7","25","3","Akhmat-Arena","30200","+Â£3.30m","Andrey Talalaev"
"2698","rubin-kazan","Rubin Kazan","24.35","22","24.9","4","18.2","4","Ak Bars Arena","45379","+Â£2.62m","Leonid Slutski"
"306","sc-heerenveen","Sc Heerenveen","20.48","29","24","11","37.9","2","Abe Lenstra Stadion","27224","+Â£4.23m","Ole Tobiasen"
"1083","fk-rostov","Fk Rostov","29.03","26","24.2","4","15.4","5","Rostov Arena","45145","+Â£410Th.","Valeriy Karpin"
"1090","az-alkmaar","Az Alkmaar","61.58","27","23.4","12","44.4","10","AFAS Stadion","19478","+Â£39.83m","Pascal Jansen"
"121","dinamo-moskau","Dinamo Moskau","93.78","24","25.4","7","29.2","12","VTB-Arena","25716","Â£-4.99m","Pavel Alpatov"
"1304","heracles-almelo","Heracles Almelo","13.61","32","23.5","22","68.8","1","Erve Asito","12080","+Â£45Th.","RenÃ© Kolmschot"
"964","zenit-st-petersburg","Zenit St Petersburg","146.7","22","27","8","36.4","14","Gazprom Arena","68134","Â£-36.48m","Sergey Semak"
"2696","krylya-sovetov-samara","Krylya Sovetov Samara","25.65","26","23.9","4","15.4","0","Solidarnost Samara Arena","44918","+Â£1.16m","Igor Osinjkin"
"1050","fc-villarreal","Fc Villarreal","347.85","25","28.4","11","44","13","La CerÃ¡mica","23500","Â£-39.38m","Unai Emery"
"41231","fk-sochi","Fk Sochi","29.7","21","28.7","6","28.6","2","Fisht Olympic Stadium","43700","Â£-4.29m","Vladimir Fedotov"
"13","atletico-madrid","Atletico Madrid","547.2","22","28.6","19","86.4","19","Wanda Metropolitano","68456","Â£-47.66m","Diego Simeone"
"3329","fc-famalicao","Fc Famalicao","43.16","31","23.7","18","58.1","1","EstÃ¡dio Municipal de FamalicÃ£o","5300","+Â£5.31m","Rui Pedro Silva"
"3719","fk-khimki","Fk Khimki","15.89","25","26.5","7","28","1","Arena Khimki","18636","Â£-591Th.","Sergey Yuran"
